<?xml version="1.0" encoding="UTF-8" standalone="no"?>
<?fileVersion 4.0.0?><cproject storage_type_id="org.eclipse.cdt.core.XmlProjectDescriptionStorage">
	<storageModule moduleId="org.eclipse.cdt.core.settings">
		<cconfiguration id="com.st.stm32cube.ide.mcu.gnu.managedbuild.config.exe.debug.1481713084">
			<storageModule buildSystemId="org.eclipse.cdt.managedbuilder.core.configurationDataProvider" id="com.st.stm32cube.ide.mcu.gnu.managedbuild.config.exe.debug.1481713084" moduleId="org.eclipse.cdt.core.settings" name="Debug">
				<externalSettings/>
				<extensions>
					<extension id="org.eclipse.cdt.core.ELF" point="org.eclipse.cdt.core.BinaryParser"/>
					<extension id="org.eclipse.cdt.core.GASErrorParser" point="org.eclipse.cdt.core.ErrorParser"/>
					<extension id="org.eclipse.cdt.core.GmakeErrorParser" point="org.eclipse.cdt.core.ErrorParser"/>
					<extension id="org.eclipse.cdt.core.GLDErrorParser" point="org.eclipse.cdt.core.ErrorParser"/>
					<extension id="org.eclipse.cdt.core.CWDLocator" point="org.eclipse.cdt.core.ErrorParser"/>
					<extension id="org.eclipse.cdt.core.GCCErrorParser" point="org.eclipse.cdt.core.ErrorParser"/>
				</extensions>
			</storageModule>
			<storageModule moduleId="cdtBuildSystem" version="4.0.0">
				<configuration artifactExtension="elf" artifactName="${ProjName}" buildArtefactType="org.eclipse.cdt.build.core.buildArtefactType.exe" buildProperties="org.eclipse.cdt.build.core.buildArtefactType=org.eclipse.cdt.build.core.buildArtefactType.exe,org.eclipse.cdt.build.core.buildType=org.eclipse.cdt.build.core.buildType.debug" cleanCommand="rm -rf" description="" id="com.st.stm32cube.ide.mcu.gnu.managedbuild.config.exe.debug.1481713084" name="Debug" parent="com.st.stm32cube.ide.mcu.gnu.managedbuild.config.exe.debug">
					<folderInfo id="com.st.stm32cube.ide.mcu.gnu.managedbuild.config.exe.debug.1481713084." name="/" resourcePath="">
						<toolChain id="com.st.stm32cube.ide.mcu.gnu.managedbuild.toolchain.exe.debug.620064374" name="MCU ARM GCC" superClass="com.st.stm32cube.ide.mcu.gnu.managedbuild.toolchain.exe.debug">
							<option id="com.st.stm32cube.ide.mcu.gnu.managedbuild.option.target_mcu.1445757585" name="MCU" superClass="com.st.stm32cube.ide.mcu.gnu.managedbuild.option.target_mcu" value="STM32G491RETx" valueType="string"/>
							<option id="com.st.stm32cube.ide.mcu.gnu.managedbuild.option.target_cpuid.846219276" name="CPU" superClass="com.st.stm32cube.ide.mcu.gnu.managedbuild.option.target_cpuid" value="0" valueType="string"/>
							<option id="com.st.stm32cube.ide.mcu.gnu.managedbuild.option.target_coreid.220642663" name="Core" superClass="com.st.stm32cube.ide.mcu.gnu.managedbuild.option.target_coreid" value="0" valueType="string"/>
							<option id="com.st.stm32cube.ide.mcu.gnu.managedbuild.option.fpu.1772641418" name="Floating-point unit" superClass="com.st.stm32cube.ide.mcu.gnu.managedbuild.option.fpu" value="com.st.stm32cube.ide.mcu.gnu.managedbuild.option.fpu.value.fpv4-sp-d16" valueType="enumerated"/>
							<option id="com.st.stm32cube.ide.mcu.gnu.managedbuild.option.floatabi.1772233957" name="Floating-point ABI" superClass="com.st.stm32cube.ide.mcu.gnu.managedbuild.option.floatabi" value="com.st.stm32cube.ide.mcu.gnu.managedbuild.option.floatabi.value.hard" valueType="enumerated"/>
							<option id="com.st.stm32cube.ide.mcu.gnu.managedbuild.option.target_board.796594871" name="Board" superClass="com.st.stm32cube.ide.mcu.gnu.managedbuild.option.target_board" value="genericBoard" valueType="string"/>
							<option id="com.st.stm32cube.ide.mcu.gnu.managedbuild.option.defaults.277540764" name="Defaults" superClass="com.st.stm32cube.ide.mcu.gnu.managedbuild.option.defaults" value="com.st.stm32cube.ide.common.services.build.inputs.revA.1.0.6 || Debug || true || Executable || com.st.stm32cube.ide.mcu.gnu.managedbuild.option.toolchain.value.workspace || STM32G491RETx || 0 || 0 || arm-none-eabi- || ${gnu_tools_for_stm32_compiler_path} || ../Core/Inc | ../Drivers/STM32G4xx_HAL_Driver/Inc | ../Drivers/STM32G4xx_HAL_Driver/Inc/Legacy | ../Drivers/CMSIS/Device/ST/STM32G4xx/Include | ../Drivers/CMSIS/Include ||  ||  || USE_HAL_DRIVER | STM32G491xx ||  || Drivers | Core/Startup | Core ||  ||  || ${workspace_loc:/${ProjName}/STM32G491RETX_FLASH.ld} || true || NonSecure ||  || secure_nsclib.o ||  || None ||  ||  || " valueType="string"/>
							<option id="com.st.stm32cube.ide.mcu.debug.option.cpuclock.1467382755" superClass="com.st.stm32cube.ide.mcu.debug.option.cpuclock" value="84" valueType="string"/>
							<targetPlatform archList="all" binaryParser="org.eclipse.cdt.core.ELF" id="com.st.stm32cube.ide.mcu.gnu.managedbuild.targetplatform.1261429369" isAbstract="false" osList="all" superClass="com.st.stm32cube.ide.mcu.gnu.managedbuild.targetplatform"/>
							<builder buildPath="${workspace_loc:/Documents}/Debug" id="com.st.stm32cube.ide.mcu.gnu.managedbuild.builder.1853762694" keepEnvironmentInBuildfile="false" managedBuildOn="true" name="Gnu Make Builder" parallelBuildOn="true" parallelizationNumber="optimal" superClass="com.st.stm32cube.ide.mcu.gnu.managedbuild.builder"/>
							<tool id="com.st.stm32cube.ide.mcu.gnu.managedbuild.tool.assembler.1629639556" name="MCU/MPU GCC Assembler" superClass="com.st.stm32cube.ide.mcu.gnu.managedbuild.tool.assembler">
								<option id="com.st.stm32cube.ide.mcu.gnu.managedbuild.tool.assembler.option.debuglevel.1119206283" name="Debug level" superClass="com.st.stm32cube.ide.mcu.gnu.managedbuild.tool.assembler.option.debuglevel" value="com.st.stm32cube.ide.mcu.gnu.managedbuild.tool.assembler.option.debuglevel.value.g3" valueType="enumerated"/>
								<option IS_BUILTIN_EMPTY="false" IS_VALUE_EMPTY="false" id="com.st.stm32cube.ide.mcu.gnu.managedbuild.tool.assembler.option.definedsymbols.294947589" name="Define symbols (-D)" superClass="com.st.stm32cube.ide.mcu.gnu.managedbuild.tool.assembler.option.definedsymbols" valueType="definedSymbols">
									<listOptionValue builtIn="false" value="DEBUG"/>
								</option>
								<inputType id="com.st.stm32cube.ide.mcu.gnu.managedbuild.tool.assembler.input.2117562918" superClass="com.st.stm32cube.ide.mcu.gnu.managedbuild.tool.assembler.input"/>
							</tool>
							<tool id="com.st.stm32cube.ide.mcu.gnu.managedbuild.tool.c.compiler.1287916527" name="MCU/MPU GCC Compiler" superClass="com.st.stm32cube.ide.mcu.gnu.managedbuild.tool.c.compiler">
								<option id="com.st.stm32cube.ide.mcu.gnu.managedbuild.tool.c.compiler.option.debuglevel.1165589937" name="Debug level" superClass="com.st.stm32cube.ide.mcu.gnu.managedbuild.tool.c.compiler.option.debuglevel" value="com.st.stm32cube.ide.mcu.gnu.managedbuild.tool.c.compiler.option.debuglevel.value.g3" valueType="enumerated"/>
								<option id="com.st.stm32cube.ide.mcu.gnu.managedbuild.tool.c.compiler.option.optimization.level.84063002" name="Optimization level" superClass="com.st.stm32cube.ide.mcu.gnu.managedbuild.tool.c.compiler.option.optimization.level"/>
								<option IS_BUILTIN_EMPTY="false" IS_VALUE_EMPTY="false" id="com.st.stm32cube.ide.mcu.gnu.managedbuild.tool.c.compiler.option.definedsymbols.481940417" name="Define symbols (-D)" superClass="com.st.stm32cube.ide.mcu.gnu.managedbuild.tool.c.compiler.option.definedsymbols" valueType="definedSymbols">
									<listOptionValue builtIn="false" value="DEBUG"/>
									<listOptionValue builtIn="false" value="USE_HAL_DRIVER"/>
									<listOptionValue builtIn="false" value="STM32G491xx"/>
								</option>
								<option IS_BUILTIN_EMPTY="false" IS_VALUE_EMPTY="false" id="com.st.stm32cube.ide.mcu.gnu.managedbuild.tool.c.compiler.option.includepaths.643247943" name="Include paths (-I)" superClass="com.st.stm32cube.ide.mcu.gnu.managedbuild.tool.c.compiler.option.includepaths" valueType="includePath">
									<listOptionValue builtIn="false" value="../Core/Inc"/>
									<listOptionValue builtIn="false" value="../Drivers/STM32G4xx_HAL_Driver/Inc"/>
									<listOptionValue builtIn="false" value="../Drivers/STM32G4xx_HAL_Driver/Inc/Legacy"/>
									<listOptionValue builtIn="false" value="../Drivers/CMSIS/Device/ST/STM32G4xx/Include"/>
									<listOptionValue builtIn="false" value="../Drivers/CMSIS/Include"/>
								</option>
								<inputType id="com.st.stm32cube.ide.mcu.gnu.managedbuild.tool.c.compiler.input.c.1516270764" superClass="com.st.stm32cube.ide.mcu.gnu.managedbuild.tool.c.compiler.input.c"/>
							</tool>
							<tool id="com.st.stm32cube.ide.mcu.gnu.managedbuild.tool.cpp.compiler.1916351572" name="MCU/MPU G++ Compiler" superClass="com.st.stm32cube.ide.mcu.gnu.managedbuild.tool.cpp.compiler">
								<option id="com.st.stm32cube.ide.mcu.gnu.managedbuild.tool.cpp.compiler.option.debuglevel.600836241" name="Debug level" superClass="com.st.stm32cube.ide.mcu.gnu.managedbuild.tool.cpp.compiler.option.debuglevel" value="com.st.stm32cube.ide.mcu.gnu.managedbuild.tool.cpp.compiler.option.debuglevel.value.g3" valueType="enumerated"/>
								<option id="com.st.stm32cube.ide.mcu.gnu.managedbuild.tool.cpp.compiler.option.optimization.level.11287354" name="Optimization level" superClass="com.st.stm32cube.ide.mcu.gnu.managedbuild.tool.cpp.compiler.option.optimization.level"/>
							</tool>
							<tool id="com.st.stm32cube.ide.mcu.gnu.managedbuild.tool.c.linker.938751028" name="MCU/MPU GCC Linker" superClass="com.st.stm32cube.ide.mcu.gnu.managedbuild.tool.c.linker">
								<option id="com.st.stm32cube.ide.mcu.gnu.managedbuild.tool.c.linker.option.script.1624915431" name="Linker Script (-T)" superClass="com.st.stm32cube.ide.mcu.gnu.managedbuild.tool.c.linker.option.script" value="${workspace_loc:/${ProjName}/STM32G491RETX_FLASH.ld}" valueType="string"/>
								<inputType id="com.st.stm32cube.ide.mcu.gnu.managedbuild.tool.c.linker.input.1212767015" superClass="com.st.stm32cube.ide.mcu.gnu.managedbuild.tool.c.linker.input">
									<additionalInput kind="additionalinputdependency" paths="$(USER_OBJS)"/>
									<additionalInput kind="additionalinput" paths="$(LIBS)"/>
								</inputType>
							</tool>
							<tool id="com.st.stm32cube.ide.mcu.gnu.managedbuild.tool.cpp.linker.1287071785" name="MCU/MPU G++ Linker" superClass="com.st.stm32cube.ide.mcu.gnu.managedbuild.tool.cpp.linker"/>
							<tool id="com.st.stm32cube.ide.mcu.gnu.managedbuild.tool.archiver.197124441" name="MCU/MPU GCC Archiver" superClass="com.st.stm32cube.ide.mcu.gnu.managedbuild.tool.archiver"/>
							<tool id="com.st.stm32cube.ide.mcu.gnu.managedbuild.tool.size.1551712153" name="MCU Size" superClass="com.st.stm32cube.ide.mcu.gnu.managedbuild.tool.size"/>
							<tool id="com.st.stm32cube.ide.mcu.gnu.managedbuild.tool.objdump.listfile.1842672108" name="MCU Output Converter list file" superClass="com.st.stm32cube.ide.mcu.gnu.managedbuild.tool.objdump.listfile"/>
							<tool id="com.st.stm32cube.ide.mcu.gnu.managedbuild.tool.objcopy.hex.102604114" name="MCU Output Converter Hex" superClass="com.st.stm32cube.ide.mcu.gnu.managedbuild.tool.objcopy.hex"/>
							<tool id="com.st.stm32cube.ide.mcu.gnu.managedbuild.tool.objcopy.binary.433362327" name="MCU Output Converter Binary" superClass="com.st.stm32cube.ide.mcu.gnu.managedbuild.tool.objcopy.binary"/>
							<tool id="com.st.stm32cube.ide.mcu.gnu.managedbuild.tool.objcopy.verilog.1666458807" name="MCU Output Converter Verilog" superClass="com.st.stm32cube.ide.mcu.gnu.managedbuild.tool.objcopy.verilog"/>
							<tool id="com.st.stm32cube.ide.mcu.gnu.managedbuild.tool.objcopy.srec.332365112" name="MCU Output Converter Motorola S-rec" superClass="com.st.stm32cube.ide.mcu.gnu.managedbuild.tool.objcopy.srec"/>
							<tool id="com.st.stm32cube.ide.mcu.gnu.managedbuild.tool.objcopy.symbolsrec.1791747851" name="MCU Output Converter Motorola S-rec with symbols" superClass="com.st.stm32cube.ide.mcu.gnu.managedbuild.tool.objcopy.symbolsrec"/>
						</toolChain>
					</folderInfo>
					<sourceEntries>
						<entry flags="VALUE_WORKSPACE_PATH|RESOLVED" kind="sourcePath" name="Core"/>
						<entry flags="VALUE_WORKSPACE_PATH|RESOLVED" kind="sourcePath" name="Drivers"/>
					</sourceEntries>
				</configuration>
			</storageModule>
			<storageModule moduleId="org.eclipse.cdt.core.externalSettings"/>
		</cconfiguration>
		<cconfiguration id="com.st.stm32cube.ide.mcu.gnu.managedbuild.config.exe.release.1019675301">
			<storageModule buildSystemId="org.eclipse.cdt.managedbuilder.core.configurationDataProvider" id="com.st.stm32cube.ide.mcu.gnu.managedbuild.config.exe.release.1019675301" moduleId="org.eclipse.cdt.core.settings" name="Release">
				<externalSettings/>
				<extensions>
					<extension id="org.eclipse.cdt.core.ELF" point="org.eclipse.cdt.core.BinaryParser"/>
					<extension id="org.eclipse.cdt.core.GASErrorParser" point="org.eclipse.cdt.core.ErrorParser"/>
					<extension id="org.eclipse.cdt.core.GmakeErrorParser" point="org.eclipse.cdt.core.ErrorParser"/>
					<extension id="org.eclipse.cdt.core.GLDErrorParser" point="org.eclipse.cdt.core.ErrorParser"/>
					<extension id="org.eclipse.cdt.core.CWDLocator" point="org.eclipse.cdt.core.ErrorParser"/>
					<extension id="org.eclipse.cdt.core.GCCErrorParser" point="org.eclipse.cdt.core.ErrorParser"/>
				</extensions>
			</storageModule>
			<storageModule moduleId="cdtBuildSystem" version="4.0.0">
				<configuration artifactExtension="elf" artifactName="${ProjName}" buildArtefactType="org.eclipse.cdt.build.core.buildArtefactType.exe" buildProperties="org.eclipse.cdt.build.core.buildArtefactType=org.eclipse.cdt.build.core.buildArtefactType.exe,org.eclipse.cdt.build.core.buildType=org.eclipse.cdt.build.core.buildType.release" cleanCommand="rm -rf" description="" id="com.st.stm32cube.ide.mcu.gnu.managedbuild.config.exe.release.1019675301" name="Release" parent="com.st.stm32cube.ide.mcu.gnu.managedbuild.config.exe.release">
					<folderInfo id="com.st.stm32cube.ide.mcu.gnu.managedbuild.config.exe.release.1019675301." name="/" resourcePath="">
						<toolChain id="com.st.stm32cube.ide.mcu.gnu.managedbuild.toolchain.exe.release.450698180" name="MCU ARM GCC" superClass="com.st.stm32cube.ide.mcu.gnu.managedbuild.toolchain.exe.release">
							<option id="com.st.stm32cube.ide.mcu.gnu.managedbuild.option.target_mcu.68138708" superClass="com.st.stm32cube.ide.mcu.gnu.managedbuild.option.target_mcu" value="STM32G491RETx" valueType="string"/>
							<option id="com.st.stm32cube.ide.mcu.gnu.managedbuild.option.target_cpuid.255216888" superClass="com.st.stm32cube.ide.mcu.gnu.managedbuild.option.target_cpuid" value="0" valueType="string"/>
							<option id="com.st.stm32cube.ide.mcu.gnu.managedbuild.option.target_coreid.1324807659" superClass="com.st.stm32cube.ide.mcu.gnu.managedbuild.option.target_coreid" value="0" valueType="string"/>
							<option id="com.st.stm32cube.ide.mcu.gnu.managedbuild.option.fpu.1240797489" superClass="com.st.stm32cube.ide.mcu.gnu.managedbuild.option.fpu" value="com.st.stm32cube.ide.mcu.gnu.managedbuild.option.fpu.value.fpv4-sp-d16" valueType="enumerated"/>
							<option id="com.st.stm32cube.ide.mcu.gnu.managedbuild.option.floatabi.638449941" superClass="com.st.stm32cube.ide.mcu.gnu.managedbuild.option.floatabi" value="com.st.stm32cube.ide.mcu.gnu.managedbuild.option.floatabi.value.hard" valueType="enumerated"/>
							<option id="com.st.stm32cube.ide.mcu.gnu.managedbuild.option.target_board.2034796639" superClass="com.st.stm32cube.ide.mcu.gnu.managedbuild.option.target_board" value="genericBoard" valueType="string"/>
							<option id="com.st.stm32cube.ide.mcu.gnu.managedbuild.option.defaults.1533769632" superClass="com.st.stm32cube.ide.mcu.gnu.managedbuild.option.defaults" value="com.st.stm32cube.ide.common.services.build.inputs.revA.1.0.6 || Release || false || Executable || com.st.stm32cube.ide.mcu.gnu.managedbuild.option.toolchain.value.workspace || STM32G491RETx || 0 || 0 || arm-none-eabi- || ${gnu_tools_for_stm32_compiler_path} || ../Core/Inc | ../Drivers/STM32G4xx_HAL_Driver/Inc | ../Drivers/STM32G4xx_HAL_Driver/Inc/Legacy | ../Drivers/CMSIS/Device/ST/STM32G4xx/Include | ../Drivers/CMSIS/Include ||  ||  || USE_HAL_DRIVER | STM32G491xx ||  || Drivers | Core/Startup | Core ||  ||  || ${workspace_loc:/${ProjName}/STM32G491RETX_FLASH.ld} || true || NonSecure ||  || secure_nsclib.o ||  || None ||  ||  || " valueType="string"/>
							<option id="com.st.stm32cube.ide.mcu.debug.option.cpuclock.2109270186" superClass="com.st.stm32cube.ide.mcu.debug.option.cpuclock" value="84" valueType="string"/>
							<targetPlatform archList="all" binaryParser="org.eclipse.cdt.core.ELF" id="com.st.stm32cube.ide.mcu.gnu.managedbuild.targetplatform.1586423287" isAbstract="false" osList="all" superClass="com.st.stm32cube.ide.mcu.gnu.managedbuild.targetplatform"/>
							<builder buildPath="${workspace_loc:/Documents}/Release" id="com.st.stm32cube.ide.mcu.gnu.managedbuild.builder.877952097" managedBuildOn="true" name="Gnu Make Builder.Release" parallelBuildOn="true" parallelizationNumber="optimal" superClass="com.st.stm32cube.ide.mcu.gnu.managedbuild.builder"/>
							<tool id="com.st.stm32cube.ide.mcu.gnu.managedbuild.tool.assembler.39945531" name="MCU/MPU GCC Assembler" superClass="com.st.stm32cube.ide.mcu.gnu.managedbuild.tool.assembler">
								<option id="com.st.stm32cube.ide.mcu.gnu.managedbuild.tool.assembler.option.debuglevel.37753887" superClass="com.st.stm32cube.ide.mcu.gnu.managedbuild.tool.assembler.option.debuglevel" value="com.st.stm32cube.ide.mcu.gnu.managedbuild.tool.assembler.option.debuglevel.value.g0" valueType="enumerated"/>
								<inputType id="com.st.stm32cube.ide.mcu.gnu.managedbuild.tool.assembler.input.346886061" superClass="com.st.stm32cube.ide.mcu.gnu.managedbuild.tool.assembler.input"/>
							</tool>
							<tool id="com.st.stm32cube.ide.mcu.gnu.managedbuild.tool.c.compiler.464246122" name="MCU/MPU GCC Compiler" superClass="com.st.stm32cube.ide.mcu.gnu.managedbuild.tool.c.compiler">
								<option id="com.st.stm32cube.ide.mcu.gnu.managedbuild.tool.c.compiler.option.debuglevel.1647773323" superClass="com.st.stm32cube.ide.mcu.gnu.managedbuild.tool.c.compiler.option.debuglevel" value="com.st.stm32cube.ide.mcu.gnu.managedbuild.tool.c.compiler.option.debuglevel.value.g0" valueType="enumerated"/>
								<option id="com.st.stm32cube.ide.mcu.gnu.managedbuild.tool.c.compiler.option.optimization.level.236819839" superClass="com.st.stm32cube.ide.mcu.gnu.managedbuild.tool.c.compiler.option.optimization.level" value="com.st.stm32cube.ide.mcu.gnu.managedbuild.tool.c.compiler.option.optimization.level.value.os" valueType="enumerated"/>
								<option IS_BUILTIN_EMPTY="false" IS_VALUE_EMPTY="false" id="com.st.stm32cube.ide.mcu.gnu.managedbuild.tool.c.compiler.option.definedsymbols.264376781" superClass="com.st.stm32cube.ide.mcu.gnu.managedbuild.tool.c.compiler.option.definedsymbols" valueType="definedSymbols">
									<listOptionValue builtIn="false" value="USE_HAL_DRIVER"/>
									<listOptionValue builtIn="false" value="STM32G491xx"/>
								</option>
								<option IS_BUILTIN_EMPTY="false" IS_VALUE_EMPTY="false" id="com.st.stm32cube.ide.mcu.gnu.managedbuild.tool.c.compiler.option.includepaths.1774765336" superClass="com.st.stm32cube.ide.mcu.gnu.managedbuild.tool.c.compiler.option.includepaths" valueType="includePath">
									<listOptionValue builtIn="false" value="../Core/Inc"/>
									<listOptionValue builtIn="false" value="../Drivers/STM32G4xx_HAL_Driver/Inc"/>
									<listOptionValue builtIn="false" value="../Drivers/STM32G4xx_HAL_Driver/Inc/Legacy"/>
									<listOptionValue builtIn="false" value="../Drivers/CMSIS/Device/ST/STM32G4xx/Include"/>
									<listOptionValue builtIn="false" value="../Drivers/CMSIS/Include"/>
								</option>
								<inputType id="com.st.stm32cube.ide.mcu.gnu.managedbuild.tool.c.compiler.input.c.218193627" superClass="com.st.stm32cube.ide.mcu.gnu.managedbuild.tool.c.compiler.input.c"/>
							</tool>
							<tool id="com.st.stm32cube.ide.mcu.gnu.managedbuild.tool.cpp.compiler.1105088174" name="MCU/MPU G++ Compiler" superClass="com.st.stm32cube.ide.mcu.gnu.managedbuild.tool.cpp.compiler">
								<option id="com.st.stm32cube.ide.mcu.gnu.managedbuild.tool.cpp.compiler.option.debuglevel.1394290406" superClass="com.st.stm32cube.ide.mcu.gnu.managedbuild.tool.cpp.compiler.option.debuglevel" value="com.st.stm32cube.ide.mcu.gnu.managedbuild.tool.cpp.compiler.option.debuglevel.value.g0" valueType="enumerated"/>
								<option id="com.st.stm32cube.ide.mcu.gnu.managedbuild.tool.cpp.compiler.option.optimization.level.1954352694" superClass="com.st.stm32cube.ide.mcu.gnu.managedbuild.tool.cpp.compiler.option.optimization.level" value="com.st.stm32cube.ide.mcu.gnu.managedbuild.tool.cpp.compiler.option.optimization.level.value.os" valueType="enumerated"/>
							</tool>
							<tool id="com.st.stm32cube.ide.mcu.gnu.managedbuild.tool.c.linker.1263516909" name="MCU/MPU GCC Linker" superClass="com.st.stm32cube.ide.mcu.gnu.managedbuild.tool.c.linker">
								<option id="com.st.stm32cube.ide.mcu.gnu.managedbuild.tool.c.linker.option.script.991888999" superClass="com.st.stm32cube.ide.mcu.gnu.managedbuild.tool.c.linker.option.script" value="${workspace_loc:/${ProjName}/STM32G491RETX_FLASH.ld}" valueType="string"/>
								<inputType id="com.st.stm32cube.ide.mcu.gnu.managedbuild.tool.c.linker.input.1487671947" superClass="com.st.stm32cube.ide.mcu.gnu.managedbuild.tool.c.linker.input">
									<additionalInput kind="additionalinputdependency" paths="$(USER_OBJS)"/>
									<additionalInput kind="additionalinput" paths="$(LIBS)"/>
								</inputType>
							</tool>
							<tool id="com.st.stm32cube.ide.mcu.gnu.managedbuild.tool.cpp.linker.1612315893" name="MCU/MPU G++ Linker" superClass="com.st.stm32cube.ide.mcu.gnu.managedbuild.tool.cpp.linker"/>
							<tool id="com.st.stm32cube.ide.mcu.gnu.managedbuild.tool.archiver.526384145" name="MCU/MPU GCC Archiver" superClass="com.st.stm32cube.ide.mcu.gnu.managedbuild.tool.archiver"/>
							<tool id="com.st.stm32cube.ide.mcu.gnu.managedbuild.tool.size.1442694191" name="MCU Size" superClass="com.st.stm32cube.ide.mcu.gnu.managedbuild.tool.size"/>
							<tool id="com.st.stm32cube.ide.mcu.gnu.managedbuild.tool.objdump.listfile.110329719" name="MCU Output Converter list file" superClass="com.st.stm32cube.ide.mcu.gnu.managedbuild.tool.objdump.listfile"/>
							<tool id="com.st.stm32cube.ide.mcu.gnu.managedbuild.tool.objcopy.hex.1225747857" name="MCU Output Converter Hex" superClass="com.st.stm32cube.ide.mcu.gnu.managedbuild.tool.objcopy.hex"/>
							<tool id="com.st.stm32cube.ide.mcu.gnu.managedbuild.tool.objcopy.binary.1705478251" name="MCU Output Converter Binary" superClass="com.st.stm32cube.ide.mcu.gnu.managedbuild.tool.objcopy.binary"/>
							<tool id="com.st.stm32cube.ide.mcu.gnu.managedbuild.tool.objcopy.verilog.354617988" name="MCU Output Converter Verilog" superClass="com.st.stm32cube.ide.mcu.gnu.managedbuild.tool.objcopy.verilog"/>
							<tool id="com.st.stm32cube.ide.mcu.gnu.managedbuild.tool.objcopy.srec.793303883" name="MCU Output Converter Motorola S-rec" superClass="com.st.stm32cube.ide.mcu.gnu.managedbuild.tool.objcopy.srec"/>
							<tool id="com.st.stm32cube.ide.mcu.gnu.managedbuild.tool.objcopy.symbolsrec.1154746825" name="MCU Output Converter Motorola S-rec with symbols" superClass="com.st.stm32cube.ide.mcu.gnu.managedbuild.tool.objcopy.symbolsrec"/>
						</toolChain>
					</folderInfo>
					<sourceEntries>
						<entry flags="VALUE_WORKSPACE_PATH|RESOLVED" kind="sourcePath" name="Core"/>
						<entry flags="VALUE_WORKSPACE_PATH|RESOLVED" kind="sourcePath" name="Drivers"/>
					</sourceEntries>
				</configuration>
			</storageModule>
			<storageModule moduleId="org.eclipse.cdt.core.externalSettings"/>
		</cconfiguration>
	</storageModule>
	<storageModule moduleId="org.eclipse.cdt.core.pathentry"/>
	<storageModule moduleId="cdtBuildSystem" version="4.0.0">
		<project id="Documents.null.1110582361" name="Documents"/>
	</storageModule>
	<storageModule moduleId="org.eclipse.cdt.core.LanguageSettingsProviders"/>
	<storageModule moduleId="scannerConfiguration">
		<autodiscovery enabled="true" problemReportingEnabled="true" selectedProfileId=""/>
		<scannerConfigBuildInfo instanceId="com.st.stm32cube.ide.mcu.gnu.managedbuild.config.exe.debug.1481713084;com.st.stm32cube.ide.mcu.gnu.managedbuild.config.exe.debug.1481713084.;com.st.stm32cube.ide.mcu.gnu.managedbuild.tool.c.compiler.1287916527;com.st.stm32cube.ide.mcu.gnu.managedbuild.tool.c.compiler.input.c.1516270764">
			<autodiscovery enabled="false" problemReportingEnabled="true" selectedProfileId=""/>
		</scannerConfigBuildInfo>
		<scannerConfigBuildInfo instanceId="com.st.stm32cube.ide.mcu.gnu.managedbuild.config.exe.release.1019675301;com.st.stm32cube.ide.mcu.gnu.managedbuild.config.exe.release.1019675301.;com.st.stm32cube.ide.mcu.gnu.managedbuild.tool.c.compiler.464246122;com.st.stm32cube.ide.mcu.gnu.managedbuild.tool.c.compiler.input.c.218193627">
			<autodiscovery enabled="false" problemReportingEnabled="true" selectedProfileId=""/>
		</scannerConfigBuildInfo>
	</storageModule>
	<storageModule moduleId="org.eclipse.cdt.make.core.buildtargets"/>
</cproject>